0.000000000000000000e+00,-2.449543069999999927e-03
0.000000000000000000e+00,-2.459153799999999786e-03
0.000000000000000000e+00,-2.515039470000000020e-03
0.000000000000000000e+00,-2.478241879999999904e-03
0.000000000000000000e+00,-2.520434230000000164e-03
0.000000000000000000e+00,-2.522464529999999920e-03
0.000000000000000000e+00,-2.495056539999999847e-03
0.000000000000000000e+00,-2.567521560000000057e-03
0.000000000000000000e+00,-2.524036409999999998e-03
0.000000000000000000e+00,-2.516064259999999976e-03
1.000000000000000000e+00,9.975120990000000409e-01
1.000000000000000000e+00,9.975735970000000341e-01
1.000000000000000000e+00,9.975686809999999571e-01
1.000000000000000000e+00,9.974633459999999729e-01
1.000000000000000000e+00,9.974508570000000240e-01
1.000000000000000000e+00,9.974723650000000275e-01
1.000000000000000000e+00,9.973580930000000011e-01
1.000000000000000000e+00,9.974433769999999644e-01
1.000000000000000000e+00,9.974617919999999582e-01
1.000000000000000000e+00,9.975009969999999448e-01
2.000000000000000000e+00,1.995935620000000021e+00
2.000000000000000000e+00,1.996032459999999897e+00
2.000000000000000000e+00,1.995957820000000105e+00
2.000000000000000000e+00,1.995853129999999975e+00
2.000000000000000000e+00,1.995917930000000062e+00
2.000000000000000000e+00,1.995847039999999906e+00
2.000000000000000000e+00,1.995869890000000035e+00
2.000000000000000000e+00,1.995874619999999933e+00
2.000000000000000000e+00,1.995884940000000052e+00
2.000000000000000000e+00,1.996006519999999895e+00
3.000000000000000000e+00,2.995507519999999868e+00
3.000000000000000000e+00,2.995479829999999843e+00
3.000000000000000000e+00,2.995509629999999923e+00
3.000000000000000000e+00,2.995457329999999807e+00
3.000000000000000000e+00,2.995460369999999983e+00
3.000000000000000000e+00,2.995483530000000005e+00
3.000000000000000000e+00,2.995472749999999795e+00
3.000000000000000000e+00,2.995496530000000046e+00
3.000000000000000000e+00,2.995593299999999903e+00
3.000000000000000000e+00,2.995625040000000183e+00
4.000000000000000000e+00,3.995221990000000112e+00
4.000000000000000000e+00,3.995141750000000158e+00
4.000000000000000000e+00,3.995174019999999881e+00
4.000000000000000000e+00,3.995153750000000059e+00
4.000000000000000000e+00,3.995199840000000169e+00
4.000000000000000000e+00,3.995226730000000170e+00
4.000000000000000000e+00,3.995212659999999971e+00
4.000000000000000000e+00,3.995159300000000080e+00
4.000000000000000000e+00,3.995178179999999912e+00
4.000000000000000000e+00,3.995184510000000078e+00
5.000000000000000000e+00,5.004886939999999562e+00
5.000000000000000000e+00,5.004874110000000265e+00
5.000000000000000000e+00,5.004922559999999798e+00
5.000000000000000000e+00,5.004893749999999919e+00
5.000000000000000000e+00,5.004991900000000271e+00
5.000000000000000000e+00,5.004876590000000292e+00
5.000000000000000000e+00,5.004849079999999617e+00
5.000000000000000000e+00,5.004845509999999997e+00
5.000000000000000000e+00,5.004861690000000252e+00
5.000000000000000000e+00,5.004871160000000430e+00
6.000000000000000000e+00,6.004096729999999660e+00
6.000000000000000000e+00,6.004163560000000288e+00
6.000000000000000000e+00,6.004161110000000079e+00
6.000000000000000000e+00,6.004073059999999629e+00
6.000000000000000000e+00,6.004067560000000192e+00
6.000000000000000000e+00,6.004100860000000317e+00
6.000000000000000000e+00,6.004118229999999556e+00
6.000000000000000000e+00,6.004067619999999827e+00
6.000000000000000000e+00,6.004123400000000110e+00
6.000000000000000000e+00,6.004149159999999874e+00
7.000000000000000000e+00,7.003490310000000107e+00
7.000000000000000000e+00,7.003444100000000283e+00
7.000000000000000000e+00,7.003430680000000130e+00
7.000000000000000000e+00,7.003367579999999926e+00
7.000000000000000000e+00,7.003383460000000227e+00
7.000000000000000000e+00,7.003340879999999657e+00
7.000000000000000000e+00,7.003398879999999771e+00
7.000000000000000000e+00,7.003419899999999920e+00
7.000000000000000000e+00,7.003407890000000080e+00
7.000000000000000000e+00,7.003330159999999971e+00
8.000000000000000000e+00,8.002424660000000856e+00
8.000000000000000000e+00,8.002535840000000178e+00
8.000000000000000000e+00,8.002578429999999798e+00
8.000000000000000000e+00,8.002464319999999631e+00
8.000000000000000000e+00,8.002600799999999737e+00
8.000000000000000000e+00,8.002561359999999624e+00
8.000000000000000000e+00,8.002469120000000657e+00
8.000000000000000000e+00,8.002440180000000680e+00
8.000000000000000000e+00,8.002546389999999121e+00
8.000000000000000000e+00,8.002518419999999466e+00
9.000000000000000000e+00,9.001684759999999841e+00
9.000000000000000000e+00,9.001585289999999517e+00
9.000000000000000000e+00,9.001595399999999358e+00
9.000000000000000000e+00,9.001556349999999540e+00
9.000000000000000000e+00,9.001644689999999116e+00
9.000000000000000000e+00,9.001635820000000621e+00
9.000000000000000000e+00,9.001649640000000119e+00
9.000000000000000000e+00,9.001562310000000622e+00
9.000000000000000000e+00,9.001717920000000817e+00
9.000000000000000000e+00,9.001576299999999975e+00
1.000000000000000000e+01,1.000123840000000008e+01
1.000000000000000000e+01,1.000126230000000049e+01
1.000000000000000000e+01,1.000126670000000040e+01
1.000000000000000000e+01,1.000122499999999981e+01
1.000000000000000000e+01,1.000124940000000073e+01
1.000000000000000000e+01,1.000121769999999977e+01
1.000000000000000000e+01,1.000123059999999953e+01
1.000000000000000000e+01,1.000118020000000030e+01
1.000000000000000000e+01,1.000114860000000050e+01
1.000000000000000000e+01,1.000123600000000046e+01
1.100000000000000000e+01,1.100033879999999975e+01
1.100000000000000000e+01,1.100029770000000084e+01
1.100000000000000000e+01,1.100036700000000067e+01
1.100000000000000000e+01,1.100034310000000026e+01
1.100000000000000000e+01,1.100034619999999919e+01
1.100000000000000000e+01,1.100029179999999940e+01
1.100000000000000000e+01,1.100035710000000044e+01
1.100000000000000000e+01,1.100030289999999944e+01
1.100000000000000000e+01,1.100019080000000038e+01
1.100000000000000000e+01,1.100021070000000023e+01
1.200000000000000000e+01,1.200021890000000013e+01
1.200000000000000000e+01,1.200021729999999920e+01
1.200000000000000000e+01,1.200019280000000066e+01
1.200000000000000000e+01,1.200030690000000000e+01
1.200000000000000000e+01,1.200026800000000016e+01
1.200000000000000000e+01,1.200022380000000055e+01
1.200000000000000000e+01,1.200035229999999942e+01
1.200000000000000000e+01,1.200031730000000074e+01
1.200000000000000000e+01,1.200029639999999986e+01
1.200000000000000000e+01,1.200023159999999933e+01
1.300000000000000000e+01,1.299904249999999983e+01
1.300000000000000000e+01,1.299916029999999978e+01
1.300000000000000000e+01,1.299916110000000025e+01
1.300000000000000000e+01,1.299922779999999989e+01
1.300000000000000000e+01,1.299919680000000000e+01
1.300000000000000000e+01,1.299915880000000001e+01
1.300000000000000000e+01,1.299907759999999968e+01
1.300000000000000000e+01,1.299907259999999987e+01
1.300000000000000000e+01,1.299917559999999916e+01
1.300000000000000000e+01,1.299909910000000046e+01
1.400000000000000000e+01,1.399883319999999998e+01
1.400000000000000000e+01,1.399882350000000031e+01
1.400000000000000000e+01,1.399885880000000071e+01
1.400000000000000000e+01,1.399890459999999948e+01
1.400000000000000000e+01,1.399891320000000050e+01
1.400000000000000000e+01,1.399891110000000083e+01
1.400000000000000000e+01,1.399890120000000060e+01
1.400000000000000000e+01,1.399897209999999959e+01
1.400000000000000000e+01,1.399901580000000045e+01
1.400000000000000000e+01,1.399899139999999953e+01
1.500000000000000000e+01,1.499798290000000023e+01
1.500000000000000000e+01,1.499791010000000036e+01
1.500000000000000000e+01,1.499780810000000031e+01
1.500000000000000000e+01,1.499791100000000021e+01
1.500000000000000000e+01,1.499782459999999951e+01
1.500000000000000000e+01,1.499786839999999977e+01
1.500000000000000000e+01,1.499791540000000012e+01
1.500000000000000000e+01,1.499788940000000004e+01
1.500000000000000000e+01,1.499791940000000068e+01
1.500000000000000000e+01,1.499792710000000007e+01
1.600000000000000000e+01,1.599743969999999926e+01
1.600000000000000000e+01,1.599734830000000052e+01
1.600000000000000000e+01,1.599736970000000014e+01
1.600000000000000000e+01,1.599737739999999953e+01
1.600000000000000000e+01,1.599746050000000075e+01
1.600000000000000000e+01,1.599741599999999941e+01
1.600000000000000000e+01,1.599740740000000017e+01
1.600000000000000000e+01,1.599740869999999937e+01
1.600000000000000000e+01,1.599740399999999951e+01
1.600000000000000000e+01,1.599735800000000019e+01
1.700000000000000000e+01,1.699669529999999895e+01
1.700000000000000000e+01,1.699674050000000136e+01
1.700000000000000000e+01,1.699669469999999905e+01
1.700000000000000000e+01,1.699660469999999890e+01
1.700000000000000000e+01,1.699667050000000046e+01
1.700000000000000000e+01,1.699669450000000026e+01
1.700000000000000000e+01,1.699671220000000105e+01
1.700000000000000000e+01,1.699671209999999988e+01
1.700000000000000000e+01,1.699673299999999898e+01
1.700000000000000000e+01,1.699672380000000160e+01
1.800000000000000000e+01,1.799562500000000043e+01
1.800000000000000000e+01,1.799557520000000110e+01
1.800000000000000000e+01,1.799547700000000106e+01
1.800000000000000000e+01,1.799551669999999959e+01
1.800000000000000000e+01,1.799546869999999998e+01
1.800000000000000000e+01,1.799544679999999985e+01
1.800000000000000000e+01,1.799548709999999829e+01
1.800000000000000000e+01,1.799554679999999962e+01
1.800000000000000000e+01,1.799552489999999949e+01
1.800000000000000000e+01,1.799554990000000032e+01
1.900000000000000000e+01,1.899530880000000010e+01
1.900000000000000000e+01,1.899539280000000119e+01
1.900000000000000000e+01,1.899535150000000172e+01
1.900000000000000000e+01,1.899543020000000126e+01
1.900000000000000000e+01,1.899538839999999951e+01
1.900000000000000000e+01,1.899546020000000013e+01
1.900000000000000000e+01,1.899541869999999832e+01
1.900000000000000000e+01,1.899534630000000135e+01
1.900000000000000000e+01,1.899538210000000049e+01
1.900000000000000000e+01,1.899535240000000158e+01
2.000000000000000000e+01,2.000527689999999836e+01
2.000000000000000000e+01,2.000530159999999924e+01
2.000000000000000000e+01,2.000543610000000072e+01
2.000000000000000000e+01,2.000549090000000163e+01
2.000000000000000000e+01,2.000540469999999971e+01
2.000000000000000000e+01,2.000541600000000031e+01
2.000000000000000000e+01,2.000528710000000032e+01
2.000000000000000000e+01,2.000521279999999891e+01
2.000000000000000000e+01,2.000524599999999964e+01
2.000000000000000000e+01,2.000523180000000067e+01
2.100000000000000000e+01,2.100459869999999896e+01
2.100000000000000000e+01,2.100458920000000163e+01
2.100000000000000000e+01,2.100457719999999995e+01
2.100000000000000000e+01,2.100465129999999903e+01
2.100000000000000000e+01,2.100458030000000065e+01
2.100000000000000000e+01,2.100451800000000091e+01
2.100000000000000000e+01,2.100453380000000081e+01
2.100000000000000000e+01,2.100452299999999894e+01
2.100000000000000000e+01,2.100454089999999852e+01
2.100000000000000000e+01,2.100456229999999991e+01
2.200000000000000000e+01,2.200381099999999890e+01
2.200000000000000000e+01,2.200381439999999955e+01
2.200000000000000000e+01,2.200377530000000093e+01
2.200000000000000000e+01,2.200376699999999985e+01
2.200000000000000000e+01,2.200379879999999844e+01
2.200000000000000000e+01,2.200375899999999874e+01
2.200000000000000000e+01,2.200376509999999897e+01
2.200000000000000000e+01,2.200378140000000116e+01
2.200000000000000000e+01,2.200369339999999951e+01
2.200000000000000000e+01,2.200371960000000016e+01
2.300000000000000000e+01,2.300273220000000052e+01
2.300000000000000000e+01,2.300268990000000002e+01
2.300000000000000000e+01,2.300275489999999934e+01
2.300000000000000000e+01,2.300278300000000087e+01
2.300000000000000000e+01,2.300275489999999934e+01
2.300000000000000000e+01,2.300271740000000165e+01
2.300000000000000000e+01,2.300273710000000094e+01
2.300000000000000000e+01,2.300268039999999914e+01
2.300000000000000000e+01,2.300272730000000010e+01
2.300000000000000000e+01,2.300267600000000101e+01
2.400000000000000000e+01,2.400253899999999874e+01
2.400000000000000000e+01,2.400261980000000150e+01
2.400000000000000000e+01,2.400260829999999856e+01
2.400000000000000000e+01,2.400254340000000042e+01
2.400000000000000000e+01,2.400244869999999864e+01
2.400000000000000000e+01,2.400249880000000147e+01
2.400000000000000000e+01,2.400251599999999996e+01
2.400000000000000000e+01,2.400253049999999888e+01
2.400000000000000000e+01,2.400257500000000022e+01
2.400000000000000000e+01,2.400259709999999913e+01
2.500000000000000000e+01,2.500145900000000054e+01
2.500000000000000000e+01,2.500146360000000101e+01
2.500000000000000000e+01,2.500155639999999835e+01
2.500000000000000000e+01,2.500156570000000045e+01
2.500000000000000000e+01,2.500153399999999948e+01
2.500000000000000000e+01,2.500155930000000026e+01
2.500000000000000000e+01,2.500143710000000041e+01
2.500000000000000000e+01,2.500156559999999928e+01
2.500000000000000000e+01,2.500155739999999938e+01
2.500000000000000000e+01,2.500153309999999962e+01
2.600000000000000000e+01,2.600077089999999913e+01
2.600000000000000000e+01,2.600079799999999963e+01
2.600000000000000000e+01,2.600081180000000103e+01
2.600000000000000000e+01,2.600079230000000052e+01
2.600000000000000000e+01,2.600076569999999876e+01
2.600000000000000000e+01,2.600079039999999964e+01
2.600000000000000000e+01,2.600078249999999969e+01
2.600000000000000000e+01,2.600080210000000136e+01
2.600000000000000000e+01,2.600085580000000007e+01
2.600000000000000000e+01,2.600083349999999882e+01
2.700000000000000000e+01,2.700032589999999999e+01
2.700000000000000000e+01,2.700044039999999868e+01
2.700000000000000000e+01,2.700037809999999894e+01
2.700000000000000000e+01,2.700045469999999881e+01
2.700000000000000000e+01,2.700052840000000032e+01
2.700000000000000000e+01,2.700062379999999962e+01
2.700000000000000000e+01,2.700058050000000165e+01
2.700000000000000000e+01,2.700063349999999929e+01
2.700000000000000000e+01,2.700053279999999845e+01
2.700000000000000000e+01,2.700055449999999979e+01
2.800000000000000000e+01,2.799984999999999857e+01
2.800000000000000000e+01,2.799991659999999882e+01
2.800000000000000000e+01,2.799989520000000098e+01
2.800000000000000000e+01,2.799992609999999971e+01
2.800000000000000000e+01,2.799982220000000055e+01
2.800000000000000000e+01,2.799992080000000172e+01
2.800000000000000000e+01,2.799995180000000161e+01
2.800000000000000000e+01,2.799990019999999902e+01
2.800000000000000000e+01,2.799987069999999889e+01
2.800000000000000000e+01,2.799986180000000147e+01
2.900000000000000000e+01,2.899897209999999959e+01
2.900000000000000000e+01,2.899897130000000089e+01
2.900000000000000000e+01,2.899904730000000086e+01
2.900000000000000000e+01,2.899909249999999972e+01
2.900000000000000000e+01,2.899904420000000016e+01
2.900000000000000000e+01,2.899903510000000040e+01
2.900000000000000000e+01,2.899907990000000169e+01
2.900000000000000000e+01,2.899901940000000167e+01
2.900000000000000000e+01,2.899898870000000173e+01
2.900000000000000000e+01,2.899894719999999992e+01
3.000000000000000000e+01,2.999841220000000064e+01
3.000000000000000000e+01,2.999843900000000119e+01
3.000000000000000000e+01,2.999839760000000055e+01
3.000000000000000000e+01,2.999842179999999914e+01
3.000000000000000000e+01,2.999838589999999883e+01
3.000000000000000000e+01,2.999835240000000169e+01
3.000000000000000000e+01,2.999827970000000121e+01
3.000000000000000000e+01,2.999840370000000078e+01
3.000000000000000000e+01,2.999830070000000148e+01
3.000000000000000000e+01,2.999827140000000014e+01
3.100000000000000000e+01,3.099725649999999888e+01
3.100000000000000000e+01,3.099731650000000016e+01
3.100000000000000000e+01,3.099733020000000039e+01
3.100000000000000000e+01,3.099741279999999932e+01
3.100000000000000000e+01,3.099738070000000079e+01
3.100000000000000000e+01,3.099739629999999835e+01
3.100000000000000000e+01,3.099736970000000014e+01
3.100000000000000000e+01,3.099729470000000120e+01
3.100000000000000000e+01,3.099717250000000135e+01
3.100000000000000000e+01,3.099729460000000003e+01
3.200000000000000000e+01,3.199655830000000023e+01
3.200000000000000000e+01,3.199668199999999985e+01
3.200000000000000000e+01,3.199659129999999863e+01
3.200000000000000000e+01,3.199661180000000016e+01
3.200000000000000000e+01,3.199657549999999873e+01
3.200000000000000000e+01,3.199662860000000109e+01
3.200000000000000000e+01,3.199667979999999901e+01
3.200000000000000000e+01,3.199659099999999867e+01
3.200000000000000000e+01,3.199649069999999895e+01
3.200000000000000000e+01,3.199657279999999915e+01
3.300000000000000000e+01,3.299594040000000206e+01
3.300000000000000000e+01,3.299590880000000226e+01
3.300000000000000000e+01,3.299593449999999706e+01
3.300000000000000000e+01,3.299590959999999740e+01
3.300000000000000000e+01,3.299588709999999736e+01
3.300000000000000000e+01,3.299601330000000132e+01
3.300000000000000000e+01,3.299598060000000288e+01
3.300000000000000000e+01,3.299595639999999719e+01
3.300000000000000000e+01,3.299592810000000043e+01
3.300000000000000000e+01,3.299599700000000269e+01
3.400000000000000000e+01,3.400514139999999941e+01
3.400000000000000000e+01,3.400519270000000205e+01
3.400000000000000000e+01,3.400519649999999672e+01
3.400000000000000000e+01,3.400524599999999964e+01
3.400000000000000000e+01,3.400511999999999802e+01
3.400000000000000000e+01,3.400510169999999732e+01
3.400000000000000000e+01,3.400514799999999838e+01
3.400000000000000000e+01,3.400508270000000266e+01
3.400000000000000000e+01,3.400495879999999715e+01
3.400000000000000000e+01,3.400498840000000200e+01
3.500000000000000000e+01,3.500489249999999686e+01
3.500000000000000000e+01,3.500498890000000074e+01
3.500000000000000000e+01,3.500493660000000062e+01
3.500000000000000000e+01,3.500490419999999858e+01
3.500000000000000000e+01,3.500498720000000219e+01
3.500000000000000000e+01,3.500501080000000087e+01
3.500000000000000000e+01,3.500504480000000029e+01
3.500000000000000000e+01,3.500503199999999993e+01
3.500000000000000000e+01,3.500506250000000108e+01
3.500000000000000000e+01,3.500507100000000094e+01
3.600000000000000000e+01,3.600395439999999780e+01
3.600000000000000000e+01,3.600398479999999779e+01
3.600000000000000000e+01,3.600388399999999933e+01
3.600000000000000000e+01,3.600400489999999820e+01
3.600000000000000000e+01,3.600395040000000080e+01
3.600000000000000000e+01,3.600395329999999916e+01
3.600000000000000000e+01,3.600402890000000156e+01
3.600000000000000000e+01,3.600397999999999854e+01
3.600000000000000000e+01,3.600394390000000300e+01
3.600000000000000000e+01,3.600390459999999848e+01
3.700000000000000000e+01,3.700370620000000343e+01
3.700000000000000000e+01,3.700368540000000195e+01
3.700000000000000000e+01,3.700374440000000220e+01
3.700000000000000000e+01,3.700365800000000149e+01
3.700000000000000000e+01,3.700367949999999695e+01
3.700000000000000000e+01,3.700366960000000205e+01
3.700000000000000000e+01,3.700366629999999901e+01
3.700000000000000000e+01,3.700369460000000288e+01
3.700000000000000000e+01,3.700372740000000249e+01
3.700000000000000000e+01,3.700365089999999668e+01
3.800000000000000000e+01,3.800233519999999743e+01
3.800000000000000000e+01,3.800227379999999755e+01
3.800000000000000000e+01,3.800235430000000036e+01
3.800000000000000000e+01,3.800234129999999766e+01
3.800000000000000000e+01,3.800226899999999830e+01
3.800000000000000000e+01,3.800231720000000024e+01
3.800000000000000000e+01,3.800236730000000307e+01
3.800000000000000000e+01,3.800241499999999917e+01
3.800000000000000000e+01,3.800245759999999962e+01
3.800000000000000000e+01,3.800244920000000093e+01
3.900000000000000000e+01,3.900183890000000275e+01
3.900000000000000000e+01,3.900188010000000105e+01
3.900000000000000000e+01,3.900187629999999928e+01
3.900000000000000000e+01,3.900198809999999838e+01
3.900000000000000000e+01,3.900202569999999724e+01
3.900000000000000000e+01,3.900204889999999835e+01
3.900000000000000000e+01,3.900201229999999697e+01
3.900000000000000000e+01,3.900192640000000210e+01
3.900000000000000000e+01,3.900183810000000051e+01
3.900000000000000000e+01,3.900188219999999717e+01
4.000000000000000000e+01,4.000110250000000178e+01
4.000000000000000000e+01,4.000113400000000041e+01
4.000000000000000000e+01,4.000120390000000015e+01
4.000000000000000000e+01,4.000106759999999895e+01
4.000000000000000000e+01,4.000106019999999774e+01
4.000000000000000000e+01,4.000109530000000291e+01
4.000000000000000000e+01,4.000105630000000190e+01
4.000000000000000000e+01,4.000115459999999956e+01
4.000000000000000000e+01,4.000114409999999765e+01
4.000000000000000000e+01,4.000118280000000226e+01
4.100000000000000000e+01,4.099783190000000133e+01
4.100000000000000000e+01,4.099779120000000177e+01
4.100000000000000000e+01,4.099785409999999786e+01
4.100000000000000000e+01,4.099782989999999927e+01
4.100000000000000000e+01,4.099779629999999742e+01
4.100000000000000000e+01,4.099778810000000107e+01
4.100000000000000000e+01,4.099779579999999868e+01
4.100000000000000000e+01,4.099782919999999820e+01
4.100000000000000000e+01,4.099792949999999792e+01
4.100000000000000000e+01,4.099798810000000060e+01
4.200000000000000000e+01,4.199775060000000337e+01
4.200000000000000000e+01,4.199776580000000337e+01
4.200000000000000000e+01,4.199780179999999774e+01
4.200000000000000000e+01,4.199786019999999809e+01
4.200000000000000000e+01,4.199781850000000105e+01
4.200000000000000000e+01,4.199774000000000029e+01
4.200000000000000000e+01,4.199776320000000140e+01
4.200000000000000000e+01,4.199777350000000098e+01
4.200000000000000000e+01,4.199774529999999828e+01
4.200000000000000000e+01,4.199781089999999750e+01
4.300000000000000000e+01,4.299687409999999943e+01
4.300000000000000000e+01,4.299692139999999796e+01
4.300000000000000000e+01,4.299690540000000283e+01
4.300000000000000000e+01,4.299693220000000338e+01
4.300000000000000000e+01,4.299689879999999675e+01
4.300000000000000000e+01,4.299698380000000242e+01
4.300000000000000000e+01,4.299703370000000291e+01
4.300000000000000000e+01,4.299701819999999941e+01
4.300000000000000000e+01,4.299699180000000354e+01
4.300000000000000000e+01,4.299706359999999705e+01
4.400000000000000000e+01,4.399643820000000005e+01
4.400000000000000000e+01,4.399652559999999824e+01
4.400000000000000000e+01,4.399649409999999961e+01
4.400000000000000000e+01,4.399652729999999679e+01
4.400000000000000000e+01,4.399651939999999684e+01
4.400000000000000000e+01,4.399660060000000072e+01
4.400000000000000000e+01,4.399655620000000056e+01
4.400000000000000000e+01,4.399660200000000287e+01
4.400000000000000000e+01,4.399660039999999839e+01
4.400000000000000000e+01,4.399651829999999819e+01
4.500000000000000000e+01,4.499558569999999946e+01
4.500000000000000000e+01,4.499544439999999668e+01
4.500000000000000000e+01,4.499542420000000220e+01
4.500000000000000000e+01,4.499544929999999709e+01
4.500000000000000000e+01,4.499559659999999894e+01
4.500000000000000000e+01,4.499556669999999770e+01
4.500000000000000000e+01,4.499553190000000313e+01
4.500000000000000000e+01,4.499563969999999813e+01
4.500000000000000000e+01,4.499557479999999998e+01
4.500000000000000000e+01,4.499556179999999728e+01
4.600000000000000000e+01,4.599518849999999759e+01
4.600000000000000000e+01,4.599515999999999849e+01
4.600000000000000000e+01,4.599518520000000166e+01
4.600000000000000000e+01,4.599515000000000242e+01
4.600000000000000000e+01,4.599511449999999968e+01
4.600000000000000000e+01,4.599518979999999857e+01
4.600000000000000000e+01,4.599522679999999752e+01
4.600000000000000000e+01,4.599515350000000069e+01
4.600000000000000000e+01,4.599520069999999805e+01
4.600000000000000000e+01,4.599513809999999836e+01
4.700000000000000000e+01,4.699474169999999873e+01
4.700000000000000000e+01,4.699472109999999958e+01
4.700000000000000000e+01,4.699480059999999781e+01
4.700000000000000000e+01,4.699486399999999975e+01
4.700000000000000000e+01,4.699488670000000212e+01
4.700000000000000000e+01,4.699482220000000154e+01
4.700000000000000000e+01,4.699477799999999661e+01
4.700000000000000000e+01,4.699479540000000100e+01
4.700000000000000000e+01,4.699483430000000084e+01
4.700000000000000000e+01,4.699490999999999730e+01
4.800000000000000000e+01,4.799345480000000208e+01
4.800000000000000000e+01,4.799346049999999764e+01
4.800000000000000000e+01,4.799348340000000235e+01
4.800000000000000000e+01,4.799348379999999992e+01
4.800000000000000000e+01,4.799350400000000150e+01
4.800000000000000000e+01,4.799345840000000152e+01
4.800000000000000000e+01,4.799343679999999779e+01
4.800000000000000000e+01,4.799353870000000200e+01
4.800000000000000000e+01,4.799350760000000093e+01
4.800000000000000000e+01,4.799350179999999710e+01
4.900000000000000000e+01,4.900282419999999917e+01
4.900000000000000000e+01,4.900289519999999754e+01
4.900000000000000000e+01,4.900285780000000102e+01
4.900000000000000000e+01,4.900287790000000143e+01
4.900000000000000000e+01,4.900284769999999668e+01
4.900000000000000000e+01,4.900286950000000274e+01
4.900000000000000000e+01,4.900292569999999870e+01
4.900000000000000000e+01,4.900295059999999836e+01
4.900000000000000000e+01,4.900290360000000334e+01
4.900000000000000000e+01,4.900291049999999871e+01
5.000000000000000000e+01,5.000221059999999795e+01
5.000000000000000000e+01,5.000216110000000214e+01
5.000000000000000000e+01,5.000220769999999959e+01
5.000000000000000000e+01,5.000228289999999731e+01
5.000000000000000000e+01,5.000232319999999930e+01
5.000000000000000000e+01,5.000238029999999867e+01
5.000000000000000000e+01,5.000228510000000171e+01
5.000000000000000000e+01,5.000221479999999730e+01
5.000000000000000000e+01,5.000224560000000196e+01
5.000000000000000000e+01,5.000219630000000137e+01
5.100000000000000000e+01,5.100253229999999860e+01
5.100000000000000000e+01,5.100254079999999846e+01
5.100000000000000000e+01,5.100249399999999866e+01
5.100000000000000000e+01,5.100252629999999954e+01
5.100000000000000000e+01,5.100244250000000079e+01
5.100000000000000000e+01,5.100249070000000273e+01
5.100000000000000000e+01,5.100253810000000243e+01
5.100000000000000000e+01,5.100262260000000225e+01
5.100000000000000000e+01,5.100249509999999731e+01
5.100000000000000000e+01,5.100259069999999895e+01
5.200000000000000000e+01,5.200202209999999781e+01
5.200000000000000000e+01,5.200197419999999937e+01
5.200000000000000000e+01,5.200199219999999656e+01
5.200000000000000000e+01,5.200202079999999683e+01
5.200000000000000000e+01,5.200203710000000257e+01
5.200000000000000000e+01,5.200198189999999698e+01
5.200000000000000000e+01,5.200207110000000199e+01
5.200000000000000000e+01,5.200200739999999655e+01
5.200000000000000000e+01,5.200204060000000084e+01
5.200000000000000000e+01,5.200205280000000130e+01
5.300000000000000000e+01,5.300132630000000233e+01
5.300000000000000000e+01,5.300137389999999726e+01
5.300000000000000000e+01,5.300135199999999713e+01
5.300000000000000000e+01,5.300148380000000259e+01
5.300000000000000000e+01,5.300147770000000236e+01
5.300000000000000000e+01,5.300150330000000309e+01
5.300000000000000000e+01,5.300144290000000069e+01
5.300000000000000000e+01,5.300146780000000035e+01
5.300000000000000000e+01,5.300146699999999811e+01
5.300000000000000000e+01,5.300148000000000081e+01
5.400000000000000000e+01,5.400025569999999675e+01
5.400000000000000000e+01,5.400024899999999661e+01
5.400000000000000000e+01,5.400027029999999684e+01
5.400000000000000000e+01,5.400023600000000101e+01
5.400000000000000000e+01,5.400026379999999904e+01
5.400000000000000000e+01,5.400027060000000034e+01
5.400000000000000000e+01,5.400021449999999845e+01
5.400000000000000000e+01,5.400024530000000311e+01
5.400000000000000000e+01,5.400030840000000154e+01
5.400000000000000000e+01,5.400023240000000158e+01
5.500000000000000000e+01,5.499975680000000011e+01
5.500000000000000000e+01,5.499972410000000167e+01
5.500000000000000000e+01,5.499973440000000124e+01
5.500000000000000000e+01,5.499982049999999845e+01
5.500000000000000000e+01,5.499990549999999701e+01
5.500000000000000000e+01,5.499994159999999965e+01
5.500000000000000000e+01,5.499990900000000238e+01
5.500000000000000000e+01,5.499982070000000078e+01
5.500000000000000000e+01,5.499986830000000282e+01
5.500000000000000000e+01,5.499985029999999853e+01
5.600000000000000000e+01,5.599947929999999729e+01
5.600000000000000000e+01,5.599948280000000267e+01
5.600000000000000000e+01,5.599951579999999751e+01
5.600000000000000000e+01,5.599953649999999783e+01
5.600000000000000000e+01,5.599959940000000103e+01
5.600000000000000000e+01,5.599958070000000276e+01
5.600000000000000000e+01,5.599958300000000122e+01
5.600000000000000000e+01,5.599957040000000319e+01
5.600000000000000000e+01,5.599953519999999685e+01
5.600000000000000000e+01,5.599956499999999693e+01
5.700000000000000000e+01,5.699887530000000169e+01
5.700000000000000000e+01,5.699886209999999664e+01
5.700000000000000000e+01,5.699884089999999759e+01
5.700000000000000000e+01,5.699879760000000317e+01
5.700000000000000000e+01,5.699880639999999943e+01
5.700000000000000000e+01,5.699885679999999866e+01
5.700000000000000000e+01,5.699895000000000067e+01
5.700000000000000000e+01,5.699882339999999914e+01
5.700000000000000000e+01,5.699885729999999739e+01
5.700000000000000000e+01,5.699883280000000241e+01
5.800000000000000000e+01,5.799822340000000054e+01
5.800000000000000000e+01,5.799823250000000030e+01
5.800000000000000000e+01,5.799821730000000031e+01
5.800000000000000000e+01,5.799813329999999922e+01
5.800000000000000000e+01,5.799818059999999775e+01
5.800000000000000000e+01,5.799810190000000176e+01
5.800000000000000000e+01,5.799816340000000281e+01
5.800000000000000000e+01,5.799811059999999685e+01
5.800000000000000000e+01,5.799810599999999994e+01
5.800000000000000000e+01,5.799820480000000344e+01
5.900000000000000000e+01,5.899747889999999728e+01
5.900000000000000000e+01,5.899758380000000102e+01
5.900000000000000000e+01,5.899758460000000326e+01
5.900000000000000000e+01,5.899757300000000271e+01
5.900000000000000000e+01,5.899762040000000241e+01
5.900000000000000000e+01,5.899752620000000292e+01
5.900000000000000000e+01,5.899752540000000067e+01
5.900000000000000000e+01,5.899765349999999842e+01
5.900000000000000000e+01,5.899766629999999878e+01
5.900000000000000000e+01,5.899763699999999744e+01
